Recipient,Total,Party,Chamber
"Blunt, Roy",84500,Republican,Senate
"Emerson, Jo Ann",22000,Republican,House
"Costello, Jerry F",18000,Democrat,House
"Shimkus, John",209000,Republican,House
"Luetkemeyer, Blaine",47000,Republican,House
"McCaskill, Claire",41500,Democrat,Senate
"Schock, Aaron",33000,Republican,House
"Clay, William L Jr",38000,Democrat,House
"Boucher, Rick",78500,Democrat,House
"Graves, Sam",39000,Republican,House
"Skelton, Ike",11500,Democrat,House
"Halvorson, Deborah",11000,Democrat,House
"Hare, Phil",8000,Democrat,House
"Akin, Todd",8500,Republican,House
"Carnahan, Russ",8000,Democrat,House
"Grassley, Chuck",39000,Republican,Senate
"Murkowski, Lisa",154500,Republican,Senate
"Barton, Joe",110000,Republican,House
"Davis, Danny K",13500,Democrat,House
"Johnson, Timothy",8000,Republican,House
"Baucus, Max",58000,Democrat,Senate
"Clyburn, James E",171000,Democrat,House
"Butterfield, G K",53000,Democrat,House
"Dingell, John D",95500,Democrat,House
"Roskam, Peter",21000,Republican,House
"Dorgan, Byron L",42624,Democrat,Senate
"McConnell, Mitch",97000,Republican,Senate
"Cantor, Eric",51750,Republican,House
"Lincoln, Blanche",50500,Democrat,Senate
"Hoyer, Steny H",237750,Democrat,House
"Bayh, Evan",15000,Democrat,Senate
"Barrow, John",89500,Democrat,House
"Bond, Christopher ""Kit""",3000,Republican,Senate
"Green, Gene",42800,Democrat,House
"Crapo, Mike",34500,Republican,Senate
"Isakson, Johnny",36500,Republican,Senate
"Frelinghuysen, Rodney",46500,Republican,House
"Boehner, John",234000,Republican,House
"Durbin, Dick",21500,Democrat,Senate
"Specter, Arlen",16000,Democrat,Senate
"Rush, Bobby L",43000,Democrat,House
"Matheson, Jim",56000,Democrat,House
"Casey, Bob",45000,Democrat,Senate
"Simpson, Mike",51700,Republican,House
"Upton, Fred",255000,Republican,House
"Conrad, Kent",12000,Democrat,Senate
"Mollohan, Alan B",7000,Democrat,House
"Bingaman, Jeff",13500,Democrat,Senate
"Murphy, Tim",86500,Republican,House
"Inouye, Daniel K",4500,Democrat,Senate
"Gordon, Bart",12500,Democrat,House
"Levin, Sander",65500,Democrat,House
"Graham, Lindsey",40500,Republican,Senate
"Webb, Jim",7000,Democrat,Senate
"Rangel, Charles B",4500,Democrat,House
"Thompson, Bennie G",117000,Democrat,House
"Biggert, Judy",6500,Republican,House
"Kinzinger, Adam",77000,Republican,House
"Hill, Baron",12000,Democrat,House
"Landrieu, Mary L",77000,Democrat,Senate
"Neal, Richard E",55500,Democrat,House
"Hartzler, Vicky",18000,Republican,House
"Lucas, Frank D",10000,Republican,House
"Bennett, Robert F",23500,Republican,Senate
"Pryor, Mark",48000,Democrat,Senate
"Shuler, Heath",9500,Democrat,House
"Doyle, Mike",115500,Democrat,House
"Bunning, Jim",5000,Republican,Senate
"Stabenow, Debbie",58000,Democrat,Senate
"Thune, John",52000,Republican,Senate
"Nelson, Ben",20000,Democrat,Senate
"Bean, Melissa",6500,Democrat,House
"Warner, Mark",14500,Democrat,Senate
"Arcuri, Mike",1000,Democrat,House
"Space, Zack",31500,Democrat,House
"Murphy, Scott",14000,Democrat,House
"Meeks, Gregory W",1500,Democrat,House
"Peters, Gary",38000,Democrat,Senate
"Schauer, Mark",10000,Democrat,House
"Camp, Dave",107999,Republican,House
"Miller, Candice S",36000,Republican,House
"Allen, Jason",10000,Republican,House
"Stupak, Bart",13000,Democrat,House
"Kilpatrick, Carolyn Cheeks",7000,Democrat,House
"Huizenga, Bill",35000,Republican,House
"Rogers, Mike",34500,Republican,House
"Obey, David R",12675,Democrat,House
"Benishek, Dan",57500,Republican,House
"McCain, John",67000,Republican,Senate
"Bennet, Michael",30500,Democrat,Senate
"McCotter, Thaddeus G",7500,Republican,House
"Pastor, Ed",22000,Democrat,House
"Udall, Mark",48500,Democrat,Senate
"Burr, Richard",72000,Republican,Senate
"Spratt, John M Jr",21000,Democrat,House
"Conyers, John Jr",26500,Democrat,House
"Kildee, Dale E",7000,Democrat,House
"Visclosky, Pete",35500,Democrat,House
"Amash, Justin",9500,Republican,House
"Markey, Ed",22500,Democrat,Senate
"Vitter, David",39500,Republican,Senate
"Walberg, Tim",38500,Republican,House
"Manchin, Joe",82500,Democrat,Senate
"McDowell, Gary J",2500,Democrat,House
"Toomey, Pat",71000,Republican,Senate
"Ryan, Paul",127500,Republican,House
"Dent, Charlie",64000,Republican,House
"Murphy, Christopher S",38000,Democrat,Senate
"Whitfield, Ed",158000,Republican,House
"Teague, Harry",8000,Democrat,House
"Kratovil, Frank",8500,Democrat,House
"Crowley, Joseph",71500,Democrat,House
"Ehlers, Vernon J",2000,Republican,House
"Sessions, Pete",18500,Republican,House
"Ayotte, Kelly",56500,Republican,Senate
"Rockefeller, Jay",6000,Democrat,Senate
"Mikulski, Barbara A",4500,Democrat,Senate
"Becerra, Xavier",8500,Democrat,House
"Larsen, Rick",3000,Democrat,House
"Sullivan, John",18000,Republican,House
"Klobuchar, Amy",22250,Democrat,Senate
"Quayle, Ben",4000,Republican,House
"Bass, Charles",26000,Republican,House
"Coats, Dan",20500,Republican,Senate
"Edwards, Chet",22000,Democrat,House
"Ross, Mike",27500,Democrat,House
"Kirk, Mark",20500,Republican,Senate
"Van Hollen, Chris",6000,Democrat,House
"Fincher, Steve",1000,Republican,House
"Rehberg, Denny",56000,Republican,House
"Murray, Patty",33500,Democrat,Senate
"Scalise, Steve",106500,Republican,House
"Shaheen, Jeanne",17000,Democrat,Senate
"Boren, Dan",3500,Democrat,House
"Griffin, Tim",15000,Republican,House
"Larson, John B",19000,Democrat,House
"Myrick, Sue",23500,Republican,House
"Petri, Tom",5000,Republican,House
"Gonzalez, Charlie A",10500,Democrat,House
"Pomeroy, Earl",22050,Democrat,House
"Shuster, Bill",93500,Republican,House
"Schultz, Debbie Wasserman",1000,Democrat,House
"Mitchell, Harry",4000,Democrat,House
"Crawford, Rick",13000,Republican,House
"Reed, Tom",22000,Republican,House
"Chambliss, Saxby",4500,Republican,Senate
"Hall, Ralph",10000,Republican,House
"Burgess, Michael",15000,Republican,House
"Altmire, Jason",28000,Democrat,House
"McCarthy, Kevin",110000,Republican,House
"Yoder, Kevin",6000,Republican,House
"Adler, John H",6500,Democrat,House
"Portman, Rob",88500,Republican,Senate
"Kind, Ron",74000,Democrat,House
"Barrasso, John A",100000,Republican,Senate
"Ryan, Tim",63500,Democrat,House
"Grijalva, Raul M",3500,Democrat,House
"Edwards, Donna",5500,Democrat,House
"Himes, Jim",30500,Democrat,House
"Bucshon, Larry",16000,Republican,House
"Walden, Greg",139750,Republican,House
"Carper, Tom",17130,Democrat,Senate
"Stivers, Steve",45500,Republican,House
"Rubio, Marco",32000,Republican,Senate
"Meehan, Patrick",41000,Republican,House
"Black, Diane",9000,Republican,House
"Clarke, Hansen",8000,Democrat,House
"Driehaus, Steve",10500,Democrat,House
"Kissell, Larry",12000,Democrat,House
"Inglis, Bob",8500,Republican,House
"Etheridge, Bob",5500,Democrat,House
"Ellsworth, Brad",6500,Democrat,House
"Hagan, Kay R",18000,Democrat,Senate
"Duncan, Jeff",34000,Republican,House
"McHenry, Patrick",33500,Republican,House
"Chabot, Steve",53000,Republican,House
"McIntyre, Mike",30500,Democrat,House
"Boxer, Barbara",7000,Democrat,Senate
"Mulvaney, Mick",32500,Republican,House
"Tiberi, Pat",113500,Republican,House
"Thomas, David Lloyd",2500,Republican,House
"Brown, Sherrod",34500,Democrat,Senate
"Coble, Howard",12000,Republican,House
"Davis, Geoff",9000,Republican,House
"Schmidt, Jean",7000,Republican,House
"Conway, Jack",4500,Democrat,Senate
"Foxx, Virginia",26500,Republican,House
"Grayson, Trey",4500,Republican,Senate
"Waxman, Henry",8500,Democrat,House
"Nye, Glenn",3500,Democrat,House
"Christian-Christensen, Donna",3500,Democrat,
"Austria, Steve",9000,Republican,House
"Watt, Melvin L",6500,Democrat,House
"Stutzman, Marlin",9000,Republican,House
"Melancon, Charles",22000,Democrat,House
"Boccieri, John A",9000,Democrat,House
"Carson, Andre",18000,Democrat,House
"Gowdy, Trey",26000,Republican,House
"Towns, Edolphus",26000,Democrat,House
"Markey, Betsy",10000,Democrat,House
"Paul, Rand",16000,Republican,Senate
"Donnelly, Joe",12000,Democrat,Senate
"Lummis, Cynthia",7000,Republican,House
"Lieberman, Joe",5000,Independent,Senate
"Brown, Henry",2000,Republican,House
"Wilson, Charlie",10000,Democrat,House
"Lee, Barbara",22500,Democrat,House
"Latham, Tom",28000,Republican,House
"Lewis, John",25500,Democrat,House
"Bright, Bobby",13500,Democrat,House
"Fudge, Marcia L",52500,Democrat,House
"Rokita, Todd",15000,Republican,House
"Childers, Travis",20500,Democrat,House
"Miller, Brad",3000,Democrat,House
"Cummings, Elijah E",4000,Democrat,House
"Castle, Michael N",1000,Republican,House
"Sutton, Betty Sue",22000,Democrat,House
"Jones, Walter B Jr",8500,Republican,House
"Shelby, Richard C",25500,Republican,Senate
"Meek, Kendrick B",3750,Democrat,House
"Price, David",8000,Democrat,House
"Moran, Jerry",12500,Republican,Senate
"Risch, James E",4000,Republican,Senate
"Holden, Tim",29000,Democrat,House
"Lugar, Richard G",7000,Republican,Senate
"Boyd, Allen",11000,Democrat,House
"Pelosi, Nancy",7000,Democrat,House
"Begich, Mark",41500,Democrat,Senate
"Griffith, Parker",17000,Republican,House
"Latta, Robert E",56500,Republican,House
"Scott, Tim",69000,Republican,Senate
"Levin, Carl",1000,Democrat,Senate
"Nunes, Devin",27000,Republican,House
"Pence, Mike",1000,Republican,House
"Nelson, Bill",15000,Democrat,Senate
"Gillibrand, Kirsten",24000,Democrat,Senate
"Corker, Bob",24500,Republican,Senate
"Gibbs, Bob",33500,Republican,House
"DeMint, Jim",4000,Republican,Senate
"McMahon, Michael E",8000,Democrat,House
"Palazzo, Steven",48000,Republican,House
"Schumer, Charles E",40500,Democrat,Senate
"Garcia, Joe",6400,Democrat,House
"Alexander, Rodney",11000,Republican,House
"Berry, Marion",4500,Democrat,House
"Poe, Ted",7500,Republican,House
"Harper, Gregg",82000,Republican,House
"King, Pete",10000,Republican,House
"Richmond, Cedric",55500,Democrat,House
"Wicker, Roger",21500,Republican,Senate
"Nunnelee, Alan",36500,Republican,House
"Wills, Robbie",1000,Democrat,House
"Brady, Kevin",56500,Republican,House
"Israel, Steve",26500,Democrat,House
"Womack, Steve",18000,Republican,House
"Boustany, Charles Jr",39500,Republican,House
"Carter, John",4000,Republican,House
"Maffei, Dan",9000,Democrat,House
"Hastings, Alcee L",6000,Democrat,House
"Fleming, John",9000,Republican,House
"Boozman, John",26000,Republican,Senate
"Courtney, Joe",27000,Democrat,House
"Cassidy, Bill",20500,Republican,Senate
"Klein, Ron",4000,Democrat,House
"Owens, Bill",12000,Democrat,House
"Landry, Jeff",8000,Republican,House
"Tonko, Paul",8000,Democrat,House
"Granger, Kay",3500,Republican,House
"Brown, Scott",20000,Republican,Senate
"Elliott, Joyce",1000,Democrat,House
"Downer, Hunt",1000,Republican,House
"Velazquez, Nydia M",2000,Democrat,House
"Dreier, David",1000,Republican,House
"Cornyn, John",37000,Republican,Senate
"Tanner, John",1000,Democrat,House
"Jackson Lee, Sheila",6500,Democrat,House
"Bledsoe, Cecile H",1000,Republican,House
"Inhofe, James M",39000,Republican,Senate
"Fattah, Chaka",4000,Democrat,House
"Salazar, John",12000,Democrat,House
"McNerney, Jerry",10000,Democrat,House
"Alexander, Lamar",21500,Republican,Senate
"Wyden, Ron",84500,Democrat,Senate
"Clarke, Yvette D",13500,Democrat,House
"Cao, Joseph",1000,Republican,House
"Pallone, Frank Jr",25500,Democrat,House
"Lungren, Dan",1000,Republican,House
"Cardoza, Dennis",1000,Democrat,House
"Coons, Chris",15000,Democrat,Senate
"Bass, Karen",3500,Democrat,House
"Fisher, Lee Irwin",6000,Democrat,Senate
"Garrett, Scott",14500,Republican,House
"Sanchez, Loretta",1500,Democrat,House
"Hilliard, Earl Frederick Jr",5500,Democrat,House
"Coakley, Martha",5000,Democrat,Senate
"Guinta, Frank",32000,Republican,House
"Ashooh, Richard E",1000,Republican,House
"DeLauro, Rosa L",7000,Democrat,House
"Whitehouse, Sheldon",9500,Democrat,Senate
"Olver, John W",2000,Democrat,House
"Hodes, Paul W",2000,Democrat,House
"Rogers, Mike D",40000,Republican,House
"Welch, Peter",20000,Democrat,House
"Keating, Bill",16500,Democrat,House
"LaTourette, Steve",22000,Republican,House
"Thompson, Glenn",46150,Republican,House
"Jordan, Jim",24000,Republican,House
"Dahlkemper, Kathy",11000,Democrat,House
"Renacci, Jim",37500,Republican,House
"Rahall, Nick",44000,Democrat,House
"Lance, Leonard",27000,Republican,House
"Pitts, Joe",37500,Republican,House
"Stearns, Cliff",7000,Republican,House
"Turner, Michael R",11000,Republican,House
"Broun, Paul",26500,Republican,House
"Burns, Timothy R",1000,Republican,House
"Kanjorski, Paul E",11000,Democrat,House
"Peterson, Collin",29250,Democrat,House
"Holt, Rush",1000,Democrat,House
"Issa, Darrell",2000,Republican,House
"Hensarling, Jeb",11500,Republican,House
"Voinovich, George V",5000,Republican,Senate
"Noem, Kristi",29500,Republican,House
"DeFazio, Peter",7500,Democrat,House
"Blumenauer, Earl",34000,Democrat,House
"Schrader, Kurt",54250,Democrat,House
"Wu, David",2000,Democrat,House
"Carney, Chris",13000,Democrat,House
"Murphy, Patrick J",10000,Democrat,House
"Schwartz, Allyson",14500,Democrat,House
"Chandler, Ben",11000,Democrat,House
"Barletta, Lou",40500,Republican,House
"Marino, Tom",53200,Republican,House
"Gerlach, Jim",39500,Republican,House
"Yarmuth, John A",28000,Democrat,House
"Thompson, Mike",25500,Democrat,House
"Tester, Jon",32000,Democrat,Senate
"Rogers, Hal",23000,Republican,House
"Guthrie, Brett",59500,Republican,House
"Oberstar, James L",3000,Democrat,House
"Michaud, Mike",2000,Democrat,House
"Sewell, Terri A",58000,Democrat,House
"Aderholt, Robert B",45000,Republican,House
"Taylor, Gene",10000,Democrat,House
"Smoot, Sheila",10000,Democrat,House
"Bonner, Jo",20000,Republican,House
"Woodall, Rob",37000,Republican,House
"Gingrey, Phil",27000,Republican,House
"Westmoreland, Lynn A",36000,Republican,House
"Bachus, Spencer",20000,Republican,House
"Graves, Tom",41000,Republican,House
"Bishop, Sanford",48500,Democrat,House
"Price, Tom",42500,Republican,House
"Kingston, Jack",30000,Republican,House
"Marshall, Jim",10000,Democrat,House
"Miller, Jeff",30500,Republican,House
"Hoeven, John",51500,Republican,Senate
"Raby, Stephen",4000,Democrat,House
"Roby, Martha",33500,Republican,House
"Davis, Lincoln",5000,Democrat,House
"Linder, John",5000,Republican,House
"Minnick, Walt",5000,Democrat,House
"Scott, David",35000,Democrat,House
"Brooks, Mo",29000,Republican,House
"Johnson, Hank",14500,Democrat,House
"Coburn, Tom",3000,Republican,Senate
"Roberts, Pat",19000,Republican,Senate
"Blackburn, Marsha",28000,Republican,House
"Scott, Austin",32500,Republican,House
"Herseth Sandlin, Stephanie",7500,Democrat,House
"Perkins, James Jr",2000,Democrat,House
"Hurt, Robert",8500,Republican,House
"Cochran, Thad",54000,Republican,Senate
"Johnson, Sam",9000,Republican,House
"Heller, Dean",20000,Republican,Senate
"Bozeman, Martha",1000,Democrat,House
"Coffman, Mike",26500,Republican,House
"Beutler, Jaime Herrera",4250,Republican,House
"Kirkpatrick, Ann",8500,Democrat,House
"Terry, Lee",58000,Republican,House
"Radanovich, George",1000,Republican,House
"Kosmas, Suzanne",1500,Democrat,House
"Webster, Daniel",7000,Republican,House
"Feingold, Russ",3500,Democrat,Senate
"Johnson, Ron",19000,Republican,Senate
"Moore, Gwen",11500,Democrat,House
"Baldwin, Tammy",21000,Democrat,Senate
"Kagen, Steve",1000,Democrat,House
"Sensenbrenner, Jim",11000,Republican,House
"Duffy, Sean P",45000,Republican,House
"Paulsen, Erik",38500,Republican,House
"Gardner, Cory",65000,Republican,House
"Kline, John",15000,Republican,House
"DeGette, Diana",35000,Democrat,House
"Perlmutter, Ed",40500,Democrat,House
"Hastings, Doc",8000,Republican,House
"Thornberry, Mac",26050,Republican,House
"Heinrich, Martin",25000,Democrat,Senate
"Bachmann, Michele",4000,Republican,House
"Berg, Rick",8500,Republican,House
"Herger, Wally",2000,Republican,House
"Lujan, Ben Ray",28500,Democrat,House
"Cravaack, Chip",3000,Republican,House
"Pearce, Steve",9000,Republican,House
"Walz, Tim",9500,Democrat,House
"Tipton, Scott",22500,Republican,House
"McCollum, Betty",9500,Democrat,House
"Johnson, Tim",15000,Democrat,Senate
"Souder, Mark E",1000,Republican,House
"Lassa, Julie",1000,Democrat,House
"Reichert, Dave",1000,Republican,House
"Johanns, Mike",2000,Republican,Senate
"Lamborn, Douglas L",4000,Republican,House
"McDermott, Jim",500,Democrat,House
"Salazar, Ken",5000,Democrat,Senate
"Schilling, Bobby",10000,Republican,House
"Hultgren, Randy",19000,Republican,House
"Long, Billy",40000,Republican,House
"Hatch, Orrin G",55000,Republican,Senate
"Olson, Pete",53000,Republican,House
"Davis, Rodney",45000,Republican,House
"Enyart, William",10000,Democrat,House
"Jenkins, Lynn",12000,Republican,House
"Griffith, Morgan",48500,Republican,House
"Cleaver, Emanuel",12500,Democrat,House
"Ribble, Reid",11500,Republican,House
"Bustos, Cheri",35000,Democrat,House
"Dold, Bob",23500,Republican,House
"Walsh, Joe",1000,Republican,House
"McKinley, David",60500,Republican,House
"Cassis, Nancy",5000,Republican,House
"Allen, George",14000,Republican,Senate
"Critz, Mark",13000,Democrat,House
"Harkin, Tom",6500,Democrat,Senate
"Kildee, Dan",23500,Democrat,House
"Dicks, Norm",2500,Democrat,House
"Bentivolio, Kerry",7000,Republican,House
"Wilson, Heather A",4000,Republican,Senate
"Delaney, John K",17500,Democrat,House
"Mourdock, Richard E",2000,Republican,Senate
"Cuellar, Henry",12000,Democrat,House
"Mica, John L",16000,Republican,House
"Bilbray, Brian P",3000,Republican,House
"Lankford, James",26500,Republican,Senate
"Hirono, Mazie K",1000,Democrat,House
"Bruning, Jon",3000,Republican,Senate
"Udall, Tom",22000,Democrat,Senate
"Pompeo, Mike",32500,Republican,House
"McCaul, Michael",26500,Republican,House
"Barber, Ron",7000,Democrat,House
"Flake, Jeff",13000,Republican,Senate
"Amodei, Mark",1000,Republican,House
"Romney, Mitt",10000,Republican,
"Ellmers, Renee",40000,Republican,House
"Pittenger, Robert",14500,Republican,House
"Nugent, Richard",15000,Republican,House
"Bilirakis, Gus",26000,Republican,House
"Mack, Connie",5500,Republican,House
"Wilson, Joe",16500,Republican,House
"Ross, Dennis",15500,Republican,House
"Posey, Bill",8000,Republican,House
"Diaz-Balart, Mario",14500,Republican,House
"Young, C W Bill",3000,Republican,House
"Rice, Tom",24500,Republican,House
"Brooks, Susan",17500,Republican,House
"Crenshaw, Ander ",6000,Republican,House
"Southerland, Steve",20000,Republican,House
"Johnson, Bill",80500,Republican,House
"Rooney, Tom",5000,Republican,House
"Ros-Lehtinen, Ileana",5000,Republican,House
"Young, Todd",17000,Republican,House
"Reid, Harry",17500,Democrat,Senate
"Heitkamp, Heidi",39500,Democrat,Senate
"Hochul, Kathleen",3500,Democrat,House
"Castor, Kathy",6000,Democrat,House
"Salmon, Matt",7000,Republican,House
"Meadows, Mark",10000,Republican,House
"Radel, Trey",2500,Republican,House
"Massie, Thomas",9500,Republican,House
"Burton, Dan",1000,Republican,House
"Feinstein, Dianne",9500,Democrat,Senate
"Wenstrup, Brad",27250,Republican,House
"Beatty, Joyce",47000,Democrat,House
"Cardin, Ben",5000,Democrat,Senate
"Adams, Sandy",1000,Republican,House
"Holding, George",21000,Republican,House
"Messer, Luke",18000,Republican,House
"Buchanan, Vernon",13000,Republican,House
"Hayworth, Nan",10000,Republican,House
"Cruz, Ted",15000,Republican,Senate
"Cicilline, David",3500,Democrat,House
"Stockman, Steve",4000,Republican,House
"Truncale, Michael",2000,Republican,House
"Gibson, Chris",4000,Republican,House
"Kennedy, John",20000,Republican,Senate
"Cotton, Tom",14500,Republican,Senate
"Grimm, Michael",3000,Republican,House
"Fischer, Deb",10500,Republican,Senate
"Fortenberry, Jeff",3000,Republican,House
"Flores, Bill",11500,Republican,House
"Jeffries, Hakeem",4000,Democrat,House
"Reyes, Silvestre",1000,Democrat,House
"Gosar, Paul",7500,Republican,House
"Vela, Filemon",3000,Democrat,House
"Williams, Roger",2000,Republican,House
"Andrews, Robert E",1000,Democrat,House
"Slaughter, Louise M",1000,Democrat,House
"Canseco, Quico",1000,Republican,House
"Matsui, Doris",5000,Democrat,House
"Castro, Joaquin",11000,Democrat,House
"Veasey, Marc",6000,Democrat,House
"Menendez, Robert",3000,Democrat,Senate
"Jackson, Jesse Jr",1000,Democrat,House
"Kerry, John",2000,Democrat,Senate
"Bono Mack, Mary",2000,Republican,House
"Snowe, Olympia",1000,Republican,Senate
"Cornilles, Robert",2000,Republican,House
"Capito, Shelley Moore",25500,Republican,House
"Kaptur, Marcy",30500,Democrat,House
"Lingle, Linda",6500,Republican,Senate
"Bartlett, Roscoe G",6000,Republican,House
"Kelly, Mike",46000,Republican,House
"Runyan, Jon",7500,Republican,House
"Goodlatte, Bob",14500,Republican,House
"Kyrillos, Joe",2500,Republican,Senate
"Pascrell, Bill Jr",5000,Democrat,House
"Fitzpatrick, Michael G",20000,Republican,House
"Rothman, Steven R",1000,Democrat,House
"Bonamici, Suzanne",18500,Democrat,House
"Merkley, Jeff",11600,Democrat,Senate
"Daines, Steven",42500,Republican,Senate
"Perry, Scott",30000,Republican,House
"Barr, Andy",12000,Republican,House
"Mandel, Josh",1000,Republican,Senate
"Rogers, Hayden",5000,Democrat,House
"Collins, Doug",27000,Republican,House
"Lemieux, George S",1000,Republican,Senate
"Thompson, Tommy G",3500,Republican,Senate
"Lee, Mike",12800,Republican,Senate
"Zoller, Martha",1500,Republican,House
"Denham, Jeff",13000,Republican,House
"Wagner, Ann L",32500,Republican,House
"Sessions, Jeff",16000,Republican,Senate
"Horsford, Steven",12000,Democrat,House
"McIntosh, David M",1000,Republican,House
"Gallego, Pete",5500,Democrat,House
"Pocan, Mark",7000,Democrat,House
"Pawlenty, Tim",5000,Republican,
"Franken, Al",13500,Democrat,Senate
"Neugebauer, Randy",9000,Republican,House
"Enzi, Mike",20000,Republican,Senate
"Cramer, Kevin",37500,Republican,House
"Berkley, Shelley",1000,Democrat,House
"Cooper, Jim",5000,Democrat,House
"Dewhurst, David H",1000,Republican,Senate
"Nolan, Rick",4500,Democrat,House
"Baca, Joe",1000,Democrat,House
"Young, Don",1000,Republican,House
"Ellison, Keith",5000,Democrat,House
"Smith, Jason",24000,Republican,House
"Foster, Bill",3000,Democrat,House
"Murphy, Patrick",10000,Democrat,House
"Land, Terri Lynn",7500,Republican,Senate
"Dingell, Debbie",28500,Democrat,House
"Bishop, Mike",21000,Republican,House
"Moolenaar, John",18000,Republican,House
"Trott, Dave",13500,Republican,House
"Lawrence, Brenda",16500,Democrat,House
"Hobbs, Rudy",2500,Democrat,House
"Ruppersberger, Dutch",5500,Democrat,House
"Tillis, Thom",26000,Republican,Senate
"Strickland, Tony",2000,Republican,House
"Norcross, Don",9500,Democrat,House
"Grisham, Michelle Lujan",3000,Democrat,House
"Carney, John",2000,Democrat,House
"Valadao, David",12000,Republican,House
"Booker, Cory",20000,Democrat,Senate
"Sheffield, Horace",500,Democrat,House
"Walorski, Jackie",11500,Republican,House
"Hudson, Richard",26700,Republican,House
"Jolly, David",16500,Republican,House
"Sinema, Kyrsten",14000,Democrat,House
"Schneider, Brad",2000,Democrat,House
"DeSantis, Ron",5500,Republican,House
"Berger, Philip",3000,Republican,House
"Rothfus, Keith J",26500,Republican,House
"Peters, Scott",3000,Democrat,House
"Hutto, Brad",3000,Democrat,Senate
"Adams, Alma",5000,Democrat,House
"Yoho, Ted",2000,Republican,House
"Rounds, Mike",30500,Republican,Senate
"Heck, Joe",17000,Republican,House
"Chaffetz, Jason",10500,Republican,House
"DelBene, Suzan",1000,Democrat,House
"Byrne, Bradley",31000,Republican,House
"Perdue, David",16000,Republican,Senate
"Smith, Adrian",3000,Republican,House
"Kennedy, Joe III",13000,Democrat,House
"Rouzer, David",9500,Republican,House
"Casey, Nick",12000,Democrat,House
"Loebsack, David",2000,Democrat,House
"Walker, Mark",5000,Republican,House
"Benacquisto, Lizbeth",1000,Republican,House
"Eshoo, Anna",1000,Democrat,House
"Marchant, Kenny",2000,Republican,House
"Lipinski, Daniel",2000,Democrat,House
"Holloway, Clyde C",2500,Republican,House
"Graves, Garret",23500,Republican,House
"Weber, Randy",4000,Republican,House
"Babin, Brian",5500,Republican,House
"Abraham, Ralph",8500,Republican,House
"Rodgers, Cathy McMorris",20500,Republican,House
"Hanna, Richard",2000,Republican,House
"Crawford, Dennis",2000,Democrat,House
"Schatz, Brian",1000,Democrat,Senate
"Reed, Jack",1000,Democrat,Senate
"McGovern, James P",6000,Democrat,House
"Morris, Jay",1000,Republican,House
"Burns, Timothy G",500,Republican,House
"McAllister, Vance",73,Republican,House
"Kuster, Ann",20000,Democrat,House
"Lynch, Stephen F",3000,Democrat,House
"Clark, Katherine",10500,Democrat,House
"Joyce, David P",21000,Republican,House
"Sullivan, Dan",13000,Republican,Senate
"LoBiondo, Frank",10000,Republican,House
"Ernst, Joni",7500,Republican,Senate
"Payne, Donald M Jr",8500,Democrat,House
"Smith, Chris",5500,Republican,House
"Gillespie, Ed",3500,Republican,Senate
"Lane, Charlotte",1000,Republican,House
"Westrom, Torrey",500,Republican,House
"McFadden, Mike",1000,Republican,Senate
"Costello, Ryan",24500,Republican,House
"Boyle, Brendan",8000,Democrat,House
"Collins, Susan M",1000,Republican,Senate
"Palmer, Gary",30000,Republican,House
"Demarco, Paul",10000,Republican,House
"Hurd, Will",35000,Republican,House
"Loudermilk, Barry",13500,Republican,House
"Carter, Buddy",18500,Republican,House
"Brooke, William W",5000,Republican,House
"Beason, Scott",5000,Republican,House
"Fincher, Chad",2500,Republican,House
"Sasse, Ben",6000,Republican,Senate
"Hice, Jody",15000,Republican,House
"Young, David",6000,Republican,House
"Allen, Richard W",12500,Republican,House
"Wehby, Monica",2500,Republican,Senate
"Mullin, Markwayne",13000,Republican,House
"Witt, James Lee",1500,Democrat,House
"Wilcox, Mary Rose",1000,Democrat,House
"Leibham, Joe",1000,Republican,House
"Grothman, Glenn S",4000,Republican,House
"Emmer, Tom",6500,Republican,House
"Stewart, Chris",3500,Republican,House
"Conaway, Mike",2000,Republican,House
"Buck, Ken",4000,Republican,House
"Walsh, John",1000,Democrat,Senate
"Clinton, Hillary",7500,Democrat,
"Bost, Mike",13500,Republican,House
"LaHood, Darin",12000,Republican,House
"Kaine, Tim",9000,Democrat,Senate
"Mitchell, Paul",5000,Republican,House
"Westerman, Bruce",7500,Republican,House
"Accavitti, Frank Jr",2500,Democrat,House
"Maloney, Carolyn B",1500,Democrat,House
"Stefanik, Elise",8000,Republican,House
"Graham, Gwen",6000,Democrat,House
"Collins, Chris",2000,Republican,House
"Bergman, John",3000,Republican,House
"Costa, Jim",4500,Democrat,House
"Curbelo, Carlos",10000,Republican,House
"Fleischmann, Chuck",9000,Republican,House
"Walters, Mimi",5000,Republican,House
"Comstock, Barbara",6000,Republican,House
"Cole, Tom",2000,Republican,House
"Poliquin, Bruce",7500,Republican,House
"MacArthur, Thomas",11500,Republican,House
"Angelle, Scott",7500,Republican,House
"Ashford, Brad",2000,Democrat,House
"Ratcliffe, John",3000,Republican,House
"Kelly, Trent",14500,Republican,House
"Newhouse, Dan",3000,Republican,House
"McSally, Martha",2000,Republican,House
"Katko, John",10500,Republican,House
"Hardy, Cresent",3000,Republican,House
"Hill, French",4000,Republican,House
"Sanford, Mark",1000,Republican,House
"Duncan, John J Jr",1000,Republican,House
"Love, Mia",1000,Republican,House
"Demings, Val",1000,Democrat,House
"Derickson, Tim",1000,Republican,House
"Mast, Brian",1000,Republican,House
"Hollingsworth, Trey",1000,Republican,House
"Kustoff, David",1000,Republican,House
"Banks, Jim",1000,Republican,House
"Soto, Darren",1000,Democrat,House
"Comer, James",1000,Republican,House
"Budd, Ted",1000,Republican,House
"Bishop, Rob",6500,Republican,House
"Mooney, Alex",11000,Republican,House
"Dunn, Neal",6500,Republican,House
"Franks, Trent",1500,Republican,House
"Bridenstine, James",500,Republican,House
"Campbell, Foster",5500,Democrat,Senate
"Kennedy, Damien",5000,Republican,House
"Claitor, Dan",2500,Republican,House
"Hollis, Paul",2000,Republican,Senate
"Moulton, Seth",3500,Democrat,House
"Donovan, Dan",1000,Republican,House
"Russell, Steven",1000,Republican,House
"Wright, Keith",1000,Democrat,House
"Faso, John",500,Republican,House
"Tsongas, Niki",2000,Democrat,House
"Sanchez, Linda",250,Democrat,House
"Jenkins, Evan",10000,Republican,House
"Coleman, Bonnie",2000,Democrat,House
"Harris, Andy",1000,Republican,House
"Zinke, Ryan K",2000,Republican,House
"Smucker, Lloyd",6000,Republican,House
"Fitzpatrick, Brian",6000,Republican,House
"Cartwright, Matt",3500,Democrat,House
"Gaetz, Matt",5500,Republican,House
"Ferguson, Drew",7500,Republican,House
"Gallagher, Mike",7000,Republican,House
"Negron, Rebecca",1000,Republican,House
"McEachin, Donald",2500,Democrat,House
"Harris, Kamala",2500,Democrat,Senate
"Taylor, Scott",2500,Republican,House
"Rigell, Scott",1250,Republican,House
"Knight, Steve",1000,Republican,House
"Babeu, Paul",1000,Republican,House
"Zeldin, Lee",1000,Republican,House
"Kelly, Robin",1500,Democrat,House
"Walker, Scott",5000,Republican,
"Lewis, Jason",2000,Republican,House
"Arrington, Jodey",1000,Republican,House
